{
    "weighted_rmse": 1325232.956447458,
    "blended_rmse": 1324262.839182359,
    "best_weights": [
        0.6666666666666666,
        0.3333333333333333,
        0.0
    ]
}